Workbook

Sheet Dashboard
A1: 📈 SCHOOL MANAGEMENT DASHBOARD — Academic Year 2024-25
A3: Total Students | D3: Active Students | G3: Average Score | J3: Fee Collection
A4: =COUNTA('Student Database'!A3:A1000) -> 20 | D4: =COUNTIF('Student Database'!L3:L1000,"Active") -> 19 | G4: =AVERAGE('Grades & Results'!L3:L22)&"%" -> 76.3625% | J4: =SUM('Fee Management'!L3:L22) -> 934255
A6: Male Students | D6: Female Students | G6: Top Scorer | J6: Fee Pending
A7: =COUNTIF('Student Database'!D3:D1000,"Male") -> 10 | D7: =COUNTIF('Student Database'!D3:D1000,"Female") -> 10 | G7: =INDEX('Grades & Results'!B3:B22,MATCH(MAX('Grades & Results'!L3:L22),'Grades & Results'!L3:L22,0)) -> Pooja Sharma | J7: =SUM('Fee Management'!M3:M22) -> 215745
A9: GRADE DISTRIBUTION | F9: CLASS-WISE FEE SUMMARY
A10: Grade | B10: Range | C10: Students | D10: % of Total | F10: Class | G10: Students | H10: Total Fee | I10: Collected | J10: Pending | K10: Collection %
A11: A+ | B11: >=90 | C11: =COUNTIF('Grades & Results'!M3:M22,"A+") -> 0 | D11: =C11/20*100 -> 0 | F11: Class 10 | G11: =COUNTIF('Fee Management'!C3:C22,"10") -> 10 | H11: =SUMIF('Fee Management'!C3:C22,"10",'Fee Management'!H3:H22) -> 540000 | I11: =SUMIF('Fee Management'!C3:C22,"10",'Fee Management'!L3:L22) -> 436742 | J11: =SUMIF('Fee Management'!C3:C22,"10",'Fee Management'!M3:M22) -> 103258 | K11: =I11/H11*100 -> 80.878148
A12: A | B12: 80-89 | C12: =COUNTIF('Grades & Results'!M3:M22,"A") -> 5 | D12: =C12/20*100 -> 25 | F12: Class 11 | G12: =COUNTIF('Fee Management'!C3:C22,"11") -> 6 | H12: =SUMIF('Fee Management'!C3:C22,"11",'Fee Management'!H3:H22) -> 354000 | I12: =SUMIF('Fee Management'!C3:C22,"11",'Fee Management'!L3:L22) -> 289854 | J12: =SUMIF('Fee Management'!C3:C22,"11",'Fee Management'!M3:M22) -> 64146 | K12: =I12/H12*100 -> 81.879661
A13: B+ | B13: 70-79 | C13: =COUNTIF('Grades & Results'!M3:M22,"B+") -> 13 | D13: =C13/20*100 -> 65 | F13: Class 12 | G13: =COUNTIF('Fee Management'!C3:C22,"12") -> 4 | H13: =SUMIF('Fee Management'!C3:C22,"12",'Fee Management'!H3:H22) -> 256000 | I13: =SUMIF('Fee Management'!C3:C22,"12",'Fee Management'!L3:L22) -> 207659 | J13: =SUMIF('Fee Management'!C3:C22,"12",'Fee Management'!M3:M22) -> 48341 | K13: =I13/H13*100 -> 81.116797
A14: B | B14: 60-69 | C14: =COUNTIF('Grades & Results'!M3:M22,"B") -> 2 | D14: =C14/20*100 -> 10
A15: C | B15: 50-59 | C15: =COUNTIF('Grades & Results'!M3:M22,"C") -> 0 | D15: =C15/20*100 -> 0
A16: F | B16: <50 | C16: =COUNTIF('Grades & Results'!M3:M22,"F") -> 0 | D16: =C16/20*100 -> 0

Sheet Student Database
A1: 🎓 STUDENT RECORD MANAGEMENT SYSTEM
A2: Student ID | B2: Full Name | C2: Date of Birth | D2: Gender | E2: Class / Grade | F2: Section | G2: Contact Number | H2: Email | I2: Address | J2: Guardian Name | K2: Admission Date | L2: Status
A3: STU-001 | B3: Arjun Sharma | C3: 15/03/2008 | D3: Male | E3: 10 | F3: A | G3: 9876543210 | H3: arjun.s@school.edu | I3: 12 MG Road, Ludhiana | J3: Ravi Sharma | K3: 01/04/2022 | L3: Active
A4: STU-002 | B4: Priya Patel | C4: 22/07/2008 | D4: Female | E4: 10 | F4: A | G4: 9823456781 | H4: priya.p@school.edu | I4: 45 Civil Lines, Ludhiana | J4: Suresh Patel | K4: 01/04/2022 | L4: Active
A5: STU-003 | B5: Rahul Verma | C5: 08/11/2007 | D5: Male | E5: 10 | F5: B | G5: 9811234567 | H5: rahul.v@school.edu | I5: 7 Model Town, Ludhiana | J5: Anil Verma | K5: 15/04/2022 | L5: Active
A6: STU-004 | B6: Sneha Gupta | C6: 30/01/2008 | D6: Female | E6: 10 | F6: B | G6: 9845678901 | H6: sneha.g@school.edu | I6: 23 Sarabha Nagar | J6: Manoj Gupta | K6: 01/04/2022 | L6: Active
A7: STU-005 | B7: Amit Singh | C7: 12/05/2008 | D7: Male | E7: 10 | F7: C | G7: 9867890123 | H7: amit.s@school.edu | I7: 56 Dugri Road | J7: Harpal Singh | K7: 01/04/2022 | L7: Active
A8: STU-006 | B8: Kavya Nair | C8: 03/09/2008 | D8: Female | E8: 10 | F8: C | G8: 9812345678 | H8: kavya.n@school.edu | I8: 89 BRS Nagar | J8: Mohan Nair | K8: 01/04/2022 | L8: Active
A9: STU-007 | B9: Vikram Rao | C9: 25/06/2007 | D9: Male | E9: 10 | F9: A | G9: 9834567890 | H9: vikram.r@school.edu | I9: 34 Guru Nanak Colony | J9: Suresh Rao | K9: 10/04/2022 | L9: Active
A10: STU-008 | B10: Anjali Kumar | C10: 17/12/2008 | D10: Female | E10: 10 | F10: B | G10: 9856789012 | H10: anjali.k@school.edu | I10: 67 Haibowal Kalan | J10: Deepak Kumar | K10: 01/04/2022 | L10: Active
A11: STU-009 | B11: Rohan Mehta | C11: 09/04/2008 | D11: Male | E11: 10 | F11: C | G11: 9878901234 | H11: rohan.m@school.edu | I11: 11 Pakhowal Road | J11: Vinod Mehta | K11: 01/04/2022 | L11: Active
A12: STU-010 | B12: Pooja Sharma | C12: 14/08/2007 | D12: Female | E12: 10 | F12: A | G12: 9890123456 | H12: pooja.sh@school.edu | I12: 28 Shiwalik Enclave | J12: Rajesh Sharma | K12: 01/04/2022 | L12: Active
A13: STU-011 | B13: Karan Malhotra | C13: 21/02/2008 | D13: Male | E13: 11 | F13: A | G13: 9812367890 | H13: karan.m@school.edu | I13: 15 Rishi Nagar | J13: Ajay Malhotra | K13: 01/04/2023 | L13: Active
... A22: STU-020 | B22: Shruti Pandey | C22: 23/04/2007 | D22: Female | E22: 12 | F22: B | G22: 9812289012 | H22: shruti.p@school.edu | I22: 84 Giaspura | J22: Anil Pandey | K22: 01/04/2024 | L22: Inactive

Sheet Grades & Results
A1: 📊 ACADEMIC RESULTS — TERM 1 | Academic Year 2024-25
A2: Student ID | B2: Student Name | C2: Mathematics | D2: Physics | E2: Chemistry | F2: Biology | G2: English | H2: Hindi | I2: Computer Sc. | J2: History | K2: Total | L2: Percentage | M2: Grade | N2: Rank
A3: STU-001 | B3: Arjun Sharma | C3: 95 | D3: 62 | E3: 56 | F3: 72 | G3: 70 | H3: 69 | I3: 63 | J3: 61 | K3: =SUM(C3:J3) -> 548 | L3: =K3/800*100 -> 68.5 | M3: =IF(L3>=90,"A+",IF(L3>=80,"A",IF(L3>=70,"B+",IF(L3>=60,"B",IF(L3>=50,"C","F"))))) -> B | N3: =RANK(L3,L$3:L$22,0) -> 20
A4: STU-002 | B4: Priya Patel | C4: 98 | D4: 89 | E4: 60 | F4: 92 | G4: 82 | H4: 57 | I4: 56 | J4: 60 | K4: =SUM(C4:J4) -> 594 | L4: =K4/800*100 -> 74.25 | M4: =IF(L4>=90,"A+",IF(L4>=80,"A",IF(L4>=70,"B+",IF(L4>=60,"B",IF(L4>=50,"C","F"))))) -> B+ | N4: =RANK(L4,L$3:L$22,0) -> 15
A5: STU-003 | B5: Rahul Verma | C5: 68 | D5: 69 | E5: 87 | F5: 93 | G5: 56 | H5: 90 | I5: 67 | J5: 96 | K5: =SUM(C5:J5) -> 626 | L5: =K5/800*100 -> 78.25 | M5: =IF(L5>=90,"A+",IF(L5>=80,"A",IF(L5>=70,"B+",IF(L5>=60,"B",IF(L5>=50,"C","F"))))) -> B+ | N5: =RANK(L5,L$3:L$22,0) -> 8
A6: STU-004 | B6: Sneha Gupta | C6: 89 | D6: 81 | E6: 69 | F6: 83 | G6: 92 | H6: 72 | I6: 55 | J6: 65 | K6: =SUM(C6:J6) -> 606 | L6: =K6/800*100 -> 75.75 | M6: =IF(L6>=90,"A+",IF(L6>=80,"A",IF(L6>=70,"B+",IF(L6>=60,"B",IF(L6>=50,"C","F"))))) -> B+ | N6: =RANK(L6,L$3:L$22,0) -> 12
A7: STU-005 | B7: Amit Singh | C7: 82 | D7: 76 | E7: 72 | F7: 64 | G7: 68 | H7: 76 | I7: 61 | J7: 60 | K7: =SUM(C7:J7) -> 559 | L7: =K7/800*100 -> 69.875 | M7: =IF(L7>=90,"A+",IF(L7>=80,"A",IF(L7>=70,"B+",IF(L7>=60,"B",IF(L7>=50,"C","F"))))) -> B | N7: =RANK(L7,L$3:L$22,0) -> 19
A8: STU-006 | B8: Kavya Nair | C8: 79 | D8: 61 | E8: 77 | F8: 77 | G8: 93 | H8: 71 | I8: 57 | J8: 84 | K8: =SUM(C8:J8) -> 599 | L8: =K8/800*100 -> 74.875 | M8: =IF(L8>=90,"A+",IF(L8>=80,"A",IF(L8>=70,"B+",IF(L8>=60,"B",IF(L8>=50,"C","F"))))) -> B+ | N8: =RANK(L8,L$3:L$22,0) -> 13
A9: STU-007 | B9: Vikram Rao | C9: 89 | D9: 62 | E9: 79 | F9: 60 | G9: 90 | H9: 73 | I9: 95 | J9: 94 | K9: =SUM(C9:J9) -> 642 | L9: =K9/800*100 -> 80.25 | M9: =IF(L9>=90,"A+",IF(L9>=80,"A",IF(L9>=70,"B+",IF(L9>=60,"B",IF(L9>=50,"C","F"))))) -> A | N9: =RANK(L9,L$3:L$22,0) -> 5
A10: STU-008 | B10: Anjali Kumar | C10: 78 | D10: 91 | E10: 67 | F10: 59 | G10: 57 | H10: 97 | I10: 69 | J10: 73 | K10: =SUM(C10:J10) -> 591 | L10: =K10/800*100 -> 73.875 | M10: =IF(L10>=90,"A+",IF(L10>=80,"A",IF(L10>=70,"B+",IF(L10>=60,"B",IF(L10>=50,"C","F"))))) -> B+ | N10: =RANK(L10,L$3:L$22,0) -> 16
A11: STU-009 | B11: Rohan Mehta | C11: 60 | D11: 69 | E11: 61 | F11: 79 | G11: 72 | H11: 84 | I11: 95 | J11: 78 | K11: =SUM(C11:J11) -> 598 | L11: =K11/800*100 -> 74.75 | M11: =IF(L11>=90,"A+",IF(L11>=80,"A",IF(L11>=70,"B+",IF(L11>=60,"B",IF(L11>=50,"C","F"))))) -> B+ | N11: =RANK(L11,L$3:L$22,0) -> 14
A12: STU-010 | B12: Pooja Sharma | C12: 65 | D12: 78 | E12: 77 | F12: 68 | G12: 97 | H12: 72 | I12: 98 | J12: 96 | K12: =SUM(C12:J12) -> 651 | L12: =K12/800*100 -> 81.375 | M12: =IF(L12>=90,"A+",IF(L12>=80,"A",IF(L12>=70,"B+",IF(L12>=60,"B",IF(L12>=50,"C","F"))))) -> A | N12: =RANK(L12,L$3:L$22,0) -> 1
A13: STU-011 | B13: Karan Malhotra | C13: 59 | D13: 93 | E13: 95 | F13: 65 | G13: 89 | H13: 70 | I13: 65 | J13: 84 | K13: =SUM(C13:J13) -> 620 | L13: =K13/800*100 -> 77.5 | M13: =IF(L13>=90,"A+",IF(L13>=80,"A",IF(L13>=70,"B+",IF(L13>=60,"B",IF(L13>=50,"C","F"))))) -> B+ | N13: =RANK(L13,L$3:L$22,0) -> 9
A14: STU-012 | B14: Divya Joshi | C14: 79 | D14: 72 | E14: 95 | F14: 90 | G14: 69 | H14: 98 | I14: 75 | J14: 58 | K14: =SUM(C14:J14) -> 636 | L14: =K14/800*100 -> 79.5 | M14: =IF(L14>=90,"A+",IF(L14>=80,"A",IF(L14>=70,"B+",IF(L14>=60,"B",IF(L14>=50,"C","F"))))) -> B+ | N14: =RANK(L14,L$3:L$22,0) -> 6
... A22: STU-020 | B22: Shruti Pandey | C22: 62 | D22: 73 | E22: 82 | F22: 65 | G22: 84 | H22: 55 | I22: 71 | J22: 87 | K22: =SUM(C22:J22) -> 579 | L22: =K22/800*100 -> 72.375 | M22: =IF(L22>=90,"A+",IF(L22>=80,"A",IF(L22>=70,"B+",IF(L22>=60,"B",IF(L22>=50,"C","F"))))) -> B+ | N22: =RANK(L22,L$3:L$22,0) -> 17

Sheet Fee Management
A1: 💰 FEE MANAGEMENT — Academic Year 2024-25
A2: Student ID | B2: Student Name | C2: Class | D2: Tuition Fee | E2: Library Fee | F2: Lab Fee | G2: Sports Fee | H2: Total Annual Fee | I2: Term 1 Paid | J2: Term 2 Paid | K2: Term 3 Paid | L2: Total Paid | M2: Balance Due | N2: Payment Status
A3: STU-001 | B3: Arjun Sharma | C3: 10 | D3: 45000 | E3: 2500 | F3: 5000 | G3: 1500 | H3: =SUM(D3:G3) -> 54000 | I3: 15343 | J3: 14428 | K3: 12983 | L3: =SUM(I3:K3) -> 42754 | M3: =H3-L3 -> 11246 | N3: =IF(M3=0,"Paid",IF(M3<0,"Overpaid","Pending")) -> Pending
A4: STU-002 | B4: Priya Patel | C4: 10 | D4: 45000 | E4: 2500 | F4: 5000 | G4: 1500 | H4: =SUM(D4:G4) -> 54000 | I4: 14851 | J4: 15630 | K4: 14428 | L4: =SUM(I4:K4) -> 44909 | M4: =H4-L4 -> 9091 | N4: =IF(M4=0,"Paid",IF(M4<0,"Overpaid","Pending")) -> Pending
A5: STU-003 | B5: Rahul Verma | C5: 10 | D5: 45000 | E5: 2500 | F5: 5000 | G5: 1500 | H5: =SUM(D5:G5) -> 54000 | I5: 13316 | J5: 13946 | K5: 13182 | L5: =SUM(I5:K5) -> 40444 | M5: =H5-L5 -> 13556 | N5: =IF(M5=0,"Paid",IF(M5<0,"Overpaid","Pending")) -> Pending
A6: STU-004 | B6: Sneha Gupta | C6: 10 | D6: 45000 | E6: 2500 | F6: 5000 | G6: 1500 | H6: =SUM(D6:G6) -> 54000 | I6: 16033 | J6: 15921 | K6: 15907 | L6: =SUM(I6:K6) -> 47861 | M6: =H6-L6 -> 6139 | N6: =IF(M6=0,"Paid",IF(M6<0,"Overpaid","Pending")) -> Pending
A7: STU-005 | B7: Amit Singh | C7: 10 | D7: 45000 | E7: 2500 | F7: 5000 | G7: 1500 | H7: =SUM(D7:G7) -> 54000 | I7: 14756 | J7: 14359 | K7: 13003 | L7: =SUM(I7:K7) -> 42118 | M7: =H7-L7 -> 11882 | N7: =IF(M7=0,"Paid",IF(M7<0,"Overpaid","Pending")) -> Pending
A8: STU-006 | B8: Kavya Nair | C8: 10 | D8: 45000 | E8: 2500 | F8: 5000 | G8: 1500 | H8: =SUM(D8:G8) -> 54000 | I8: 13907 | J8: 16147 | K8: 15504 | L8: =SUM(I8:K8) -> 45558 | M8: =H8-L8 -> 8442 | N8: =IF(M8=0,"Paid",IF(M8<0,"Overpaid","Pending")) -> Pending
A9: STU-007 | B9: Vikram Rao | C9: 10 | D9: 45000 | E9: 2500 | F9: 5000 | G9: 1500 | H9: =SUM(D9:G9) -> 54000 | I9: 13462 | J9: 13467 | K9: 14642 | L9: =SUM(I9:K9) -> 41571 | M9: =H9-L9 -> 12429 | N9: =IF(M9=0,"Paid",IF(M9<0,"Overpaid","Pending")) -> Pending
A10: STU-008 | B10: Anjali Kumar | C10: 10 | D10: 45000 | E10: 2500 | F10: 5000 | G10: 1500 | H10: =SUM(D10:G10) -> 54000 | I10: 12884 | J10: 15235 | K10: 15538 | L10: =SUM(I10:K10) -> 43657 | M10: =H10-L10 -> 10343 | N10: =IF(M10=0,"Paid",IF(M10<0,"Overpaid","Pending")) -> Pending
A11: STU-009 | B11: Rohan Mehta | C11: 10 | D11: 45000 | E11: 2500 | F11: 5000 | G11: 1500 | H11: =SUM(D11:G11) -> 54000 | I11: 16121 | J11: 14518 | K11: 13053 | L11: =SUM(I11:K11) -> 43692 | M11: =H11-L11 -> 10308 | N11: =IF(M11=0,"Paid",IF(M11<0,"Overpaid","Pending")) -> Pending
A12: STU-010 | B12: Pooja Sharma | C12: 10 | D12: 45000 | E12: 2500 | F12: 5000 | G12: 1500 | H12: =SUM(D12:G12) -> 54000 | I12: 14975 | J12: 16009 | K12: 13194 | L12: =SUM(I12:K12) -> 44178 | M12: =H12-L12 -> 9822 | N12: =IF(M12=0,"Paid",IF(M12<0,"Overpaid","Pending")) -> Pending
A13: STU-011 | B13: Karan Malhotra | C13: 11 | D13: 50000 | E13: 2500 | F13: 5000 | G13: 1500 | H13: =SUM(D13:G13) -> 59000 | I13: 16111 | J13: 16426 | K13: 17857 | L13: =SUM(I13:K13) -> 50394 | M13: =H13-L13 -> 8606 | N13: =IF(M13=0,"Paid",IF(M13<0,"Overpaid","Pending")) -> Pending
A14: STU-012 | B14: Divya Joshi | C14: 11 | D14: 50000 | E14: 2500 | F14: 5000 | G14: 1500 | H14: =SUM(D14:G14) -> 59000 | I14: 17716 | J14: 17021 | K14: 16759 | L14: =SUM(I14:K14) -> 51496 | M14: =H14-L14 -> 7504 | N14: =IF(M14=0,"Paid",IF(M14<0,"Overpaid","Pending")) -> Pending
... A22: STU-020 | B22: Shruti Pandey | C22: 12 | D22: 55000 | E22: 2500 | F22: 5000 | G22: 1500 | H22: =SUM(D22:G22) -> 64000 | I22: 18583 | J22: 19282 | K22: 17935 | L22: =SUM(I22:K22) -> 55800 | M22: =H22-L22 -> 8200 | N22: =IF(M22=0,"Paid",IF(M22<0,"Overpaid","Pending")) -> Pending
A24: TOTALS | D24: =SUM(D3:D22) -> 970000 | E24: =SUM(E3:E22) -> 50000 | F24: =SUM(F3:F22) -> 100000 | G24: =SUM(G3:G22) -> 30000 | H24: =SUM(H3:H22) -> 1150000 | I24: =SUM(I3:I22) -> 312290 | J24: =SUM(J3:J22) -> 316242 | K24: =SUM(K3:K22) -> 305723 | ... M24: =SUM(M3:M22) -> 215745

Sheet Attendance Tracker
A1: 📅 ATTENDANCE TRACKER — April 2025
A2: Student ID | B2: Student Name | C2: 1 | D2: 2 | E2: 3 | F2: 4 | G2: 5 | H2: 6 | I2: 7 | J2: 8 | K2: 9 | L2: 10 | M2: 11 | N2: 12 | O2: 13 | P2: 14 | Q2: 15 | R2: 16 | S2: 17 | T2: 18 | U2: 19 | V2: 20 | W2: 21 | X2: 22 | Y2: 23 | Z2: 24 | AA2: 25 | AB2: 26 | AC2: Present | AD2: Absent | AE2: % Attend.
A3: STU-001 | B3: Arjun Sharma | C3: P | D3: P | E3: P | F3: A | G3: P | H3: P | I3: A | J3: P | K3: A | L3: P | M3: A | N3: P | O3: P | P3: P | Q3: P | R3: P | S3: P | T3: P | U3: P | V3: P | W3: P | X3: A | Y3: P | Z3: P | AA3: P | AB3: P | AC3: =COUNTIF(C3:AB3,"P") -> 21 | AD3: =COUNTIF(C3:AB3,"A") -> 5 | AE3: =AC3/26*100 -> 80.769231
A4: STU-002 | B4: Priya Patel | C4: P | D4: P | E4: P | F4: P | G4: P | H4: P | I4: P | J4: A | K4: A | L4: P | M4: P | N4: P | O4: P | P4: P | Q4: P | R4: P | S4: P | T4: P | U4: P | V4: P | W4: P | X4: P | Y4: P | Z4: P | AA4: P | AB4: P | AC4: =COUNTIF(C4:AB4,"P") -> 24 | AD4: =COUNTIF(C4:AB4,"A") -> 2 | AE4: =AC4/26*100 -> 92.307692
A5: STU-003 | B5: Rahul Verma | C5: P | D5: P | E5: P | F5: P | G5: A | H5: P | I5: P | J5: P | K5: P | L5: P | M5: P | N5: P | O5: P | P5: P | Q5: P | R5: P | S5: P | T5: P | U5: A | V5: P | W5: P | X5: P | Y5: P | Z5: P | AA5: P | AB5: P | AC5: =COUNTIF(C5:AB5,"P") -> 24 | AD5: =COUNTIF(C5:AB5,"A") -> 2 | AE5: =AC5/26*100 -> 92.307692
A6: STU-004 | B6: Sneha Gupta | C6: A | D6: P | E6: P | F6: P | G6: A | H6: P | I6: P | J6: P | K6: P | L6: P | M6: P | N6: P | O6: P | P6: P | Q6: P | R6: P | S6: P | T6: P | U6: P | V6: P | W6: P | X6: P | Y6: P | Z6: P | AA6: P | AB6: P | AC6: =COUNTIF(C6:AB6,"P") -> 24 | AD6: =COUNTIF(C6:AB6,"A") -> 2 | AE6: =AC6/26*100 -> 92.307692
A7: STU-005 | B7: Amit Singh | C7: P | D7: P | E7: A | F7: P | G7: P | H7: P | I7: P | J7: P | K7: P | L7: P | M7: P | N7: A | O7: P | P7: P | Q7: P | R7: P | S7: P | T7: P | U7: P | V7: P | W7: A | X7: A | Y7: P | Z7: P | AA7: P | AB7: A | AC7: =COUNTIF(C7:AB7,"P") -> 21 | AD7: =COUNTIF(C7:AB7,"A") -> 5 | AE7: =AC7/26*100 -> 80.769231
A8: STU-006 | B8: Kavya Nair | C8: A | D8: P | E8: P | F8: P | G8: A | H8: P | I8: P | J8: P | K8: P | L8: P | M8: P | N8: P | O8: P | P8: P | Q8: P | R8: P | S8: P | T8: P | U8: P | V8: P | W8: P | X8: P | Y8: A | Z8: P | AA8: P | AB8: P | AC8: =COUNTIF(C8:AB8,"P") -> 23 | AD8: =COUNTIF(C8:AB8,"A") -> 3 | AE8: =AC8/26*100 -> 88.461538
A9: STU-007 | B9: Vikram Rao | C9: P | D9: A | E9: P | F9: P | G9: P | H9: P | I9: P | J9: P | K9: P | L9: P | M9: P | N9: P | O9: P | P9: P | Q9: P | R9: P | S9: P | T9: P | U9: P | V9: P | W9: P | X9: P | Y9: P | Z9: A | AA9: A | AB9: P | AC9: =COUNTIF(C9:AB9,"P") -> 23 | AD9: =COUNTIF(C9:AB9,"A") -> 3 | AE9: =AC9/26*100 -> 88.461538
A10: STU-008 | B10: Anjali Kumar | C10: P | D10: P | E10: P | F10: P | G10: P | H10: P | I10: P | J10: P | K10: P | L10: P | M10: P | N10: P | O10: P | P10: P | Q10: P | R10: P | S10: P | T10: P | U10: P | V10: P | W10: P | X10: P | Y10: P | Z10: P | AA10: P | AB10: P | AC10: =COUNTIF(C10:AB10,"P") -> 26 | AD10: =COUNTIF(C10:AB10,"A") -> 0 | AE10: =AC10/26*100 -> 100
A11: STU-009 | B11: Rohan Mehta | C11: P | D11: P | E11: P | F11: P | G11: P | H11: P | I11: P | J11: P | K11: P | L11: P | M11: P | N11: P | O11: P | P11: P | Q11: P | R11: P | S11: P | T11: P | U11: P | V11: A | W11: P | X11: P | Y11: P | Z11: P | AA11: P | AB11: P | AC11: =COUNTIF(C11:AB11,"P") -> 25 | AD11: =COUNTIF(C11:AB11,"A") -> 1 | AE11: =AC11/26*100 -> 96.153846
A12: STU-010 | B12: Pooja Sharma | C12: P | D12: P | E12: P | F12: P | G12: P | H12: P | I12: P | J12: P | K12: P | L12: P | M12: P | N12: P | O12: P | P12: P | Q12: P | R12: P | S12: P | T12: P | U12: P | V12: A | W12: P | X12: P | Y12: A | Z12: P | AA12: P | AB12: P | AC12: =COUNTIF(C12:AB12,"P") -> 24 | AD12: =COUNTIF(C12:AB12,"A") -> 2 | AE12: =AC12/26*100 -> 92.307692
A13: STU-011 | B13: Karan Malhotra | C13: P | D13: P | E13: P | F13: P | G13: P | H13: P | I13: P | J13: P | K13: P | L13: P | M13: P | N13: P | O13: P | P13: P | Q13: P | R13: P | S13: P | T13: P | U13: P | V13: P | W13: P | X13: P | Y13: P | Z13: P | AA13: P | AB13: P | AC13: =COUNTIF(C13:AB13,"P") -> 26 | AD13: =COUNTIF(C13:AB13,"A") -> 0 | AE13: =AC13/26*100 -> 100
A14: STU-012 | B14: Divya Joshi | C14: P | D14: P | E14: P | F14: P | G14: P | H14: P | I14: P | J14: P | K14: A | L14: P | M14: A | N14: P | O14: P | P14: P | Q14: P | R14: P | S14: P | T14: P | U14: P | V14: P | W14: P | X14: P | Y14: P | Z14: P | AA14: P | AB14: P | AC14: =COUNTIF(C14:AB14,"P") -> 24 | AD14: =COUNTIF(C14:AB14,"A") -> 2 | AE14: =AC14/26*100 -> 92.307692
... A22: STU-020 | B22: Shruti Pandey | C22: P | D22: P | E22: P | F22: A | G22: P | H22: P | I22: P | J22: P | K22: P | L22: A | M22: A | N22: P | O22: P | P22: P | Q22: P | R22: P | S22: P | T22: P | U22: P | V22: P | W22: P | X22: P | Y22: P | Z22: P | AA22: A | AB22: P | AC22: =COUNTIF(C22:AB22,"P") -> 22 | AD22: =COUNTIF(C22:AB22,"A") -> 4 | AE22: =AC22/26*100 -> 84.615385
